{
  "project_info": {
    "project_number": "221606731539",
    "project_id": "boom-blust",
    "storage_bucket": "boom-blust.firebasestorage.app"
  },
  "client": [
    {
      "client_info": {
        "mobilesdk_app_id": "1:221606731539:android:b387c814d5824b0854c4e6",
        "android_client_info": {
          "package_name": "com.cohen.myFinalGame"
        }
      },
      "oauth_client": [],
      "api_key": [
        {
          "current_key": "AIzaSyCOK5pACZZR8fwI6UN4SSB-AdaEji6eINA"
        }
      ],
      "services": {
        "appinvite_service": {
          "other_platform_oauth_client": []
        }
      }
    },
    {
      "client_info": {
        "mobilesdk_app_id": "1:221606731539:android:aff14178564c765e54c4e6",
        "android_client_info": {
          "package_name": "com.cohen.myfinalgame"
        }
      },
      "oauth_client": [],
      "api_key": [
        {
          "current_key": "AIzaSyCOK5pACZZR8fwI6UN4SSB-AdaEji6eINA"
        }
      ],
      "services": {
        "appinvite_service": {
          "other_platform_oauth_client": []
        }
      }
    }
  ],
  "configuration_version": "1"
}